OBJECTNUMMER;Soort;Prijs_per_gebruik;Dagen_geopend;Openingstijden;Omschrijving;Foto;SELECTIE;WKT_LNG_LAT;WKT_LAT_LNG;LNG;LAT
1;"Amsterdamse krul";0;"";"24 uur";"Singel tov Bloemenmarkt";"https://maps.amsterdam.nl/openbare_toiletten/Downloads/IMG_8829.jpg";"KRUL";"POINT(4.8900955 52.3672802)";"POINT(52.3672802 4.8900955)";4.8900955;52.3672802
2;"Openbaar toilet, rolstoeltoegankelijk";0.5;"ma - di - wo - do - vr - za - zo";"24 uur per dag";"Koningsplein";"https://maps.amsterdam.nl/openbare_toiletten/Downloads/IMG_8832.jpg";"TOEGANG";"POINT(4.8892087 52.3674372)";"POINT(52.3674372 4.8892087)";4.8892087;52.3674372
3;"Verzinkbaar urinoir";0;"";"Donderdag tot en met zondag van 18.00 - 7.00 uur.  Tussen 15.30 - 18.00 uur verplaatsing naar bovengronds. tussen 07.00 - 09.00 uur verplaatsing naar ondergronds.";"Urilift";"https://maps.amsterdam.nl/openbare_toiletten/Downloads/reguliersdwarsstraat.JPG";"URILIFT";"POINT(4.8922195 52.3662449)";"POINT(52.3662449 4.8922195)";4.8922195;52.3662449
7;"Openbaar toilet";0;"";"";"";"";"OPENBAAR";"POINT(4.894839 52.329087)";"POINT(52.329087 4.894839)";4.894839;52.329087
8;"Openbaar toilet";0;"";"";"";"";"OPENBAAR";"POINT(4.893252 52.331956)";"POINT(52.331956 4.893252)";4.893252;52.331956
11;"Amsterdamse krul";0;"";"24 uur";"Oudekerkplein Zuidzijde";"https://maps.amsterdam.nl/openbare_toiletten/Downloads/IMG_9103.jpg";"KRUL";"POINT(4.898217 52.3739024)";"POINT(52.3739024 4.898217)";4.898217;52.3739024
12;"Amsterdamse krul";0;"";"24 uur";"Singel tov 43";"https://maps.amsterdam.nl/openbare_toiletten/Downloads/IMG_9031.jpg";"KRUL";"POINT(4.892413 52.37708)";"POINT(52.37708 4.892413)";4.892413;52.37708
13;"Amsterdamse krul";0;"ma - di - wo - do - vr - za - zo";"24 uur per dag";"Westermarkt Prinsengracht - twee krullen";"https://maps.amsterdam.nl/openbare_toiletten/Downloads/IMG_9022.jpg";"KRUL";"POINT(4.884908 52.374496)";"POINT(52.374496 4.884908)";4.884908;52.374496
14;"Amsterdamse krul";0;"";"24 uur";"Singel / Raadhuisstraat";"https://maps.amsterdam.nl/openbare_toiletten/Downloads/IMG_9027.jpg";"KRUL";"POINT(4.889051 52.373057)";"POINT(52.373057 4.889051)";4.889051;52.373057
15;"Amsterdamse krul";0;"";"24 uur";"Singel tov 167";"https://maps.amsterdam.nl/openbare_toiletten/Downloads/IMG_9030.jpg";"KRUL";"POINT(4.889522 52.374254)";"POINT(52.374254 4.889522)";4.889522;52.374254
16;"Amsterdamse krul";0;"";"24 uur";"Singel tov 311";"https://maps.amsterdam.nl/openbare_toiletten/Downloads/IMG_9025.jpg";"KRUL";"POINT(4.888361 52.370394)";"POINT(52.370394 4.888361)";4.888361;52.370394
17;"Amsterdamse krul";0;"";"24 uur";"Brouwersgracht / Singel nabij Singelsluis";"https://maps.amsterdam.nl/openbare_toiletten/Downloads/IMG_9016.JPG";"KRUL";"POINT(4.894051 52.378983)";"POINT(52.378983 4.894051)";4.894051;52.378983
18;"Amsterdamse krul";0;"";"24 uur";"Oudekerkplein noordzijde";"https://maps.amsterdam.nl/openbare_toiletten/Downloads/IMG_9100.jpg";"KRUL";"POINT(4.898922 52.3744669)";"POINT(52.3744669 4.898922)";4.898922;52.3744669
19;"Amsterdamse krul";0;"";"24 uur";"Oudezijds Achterburgwal tov 78";"https://maps.amsterdam.nl/openbare_toiletten/Downloads/IMG_9105.jpg";"KRUL";"POINT(4.898609 52.373178)";"POINT(52.373178 4.898609)";4.898609;52.373178
20;"Amsterdamse krul";0;"";"24 uur";"Oudezijds Achterburgwal / Brandesteeg";"https://maps.amsterdam.nl/openbare_toiletten/Downloads/IMG_9106.jpg";"KRUL";"POINT(4.89816 52.372601)";"POINT(52.372601 4.89816)";4.89816;52.372601
21;"Amsterdamse krul";0;"";"24 uur";"Oudezijds Voorburgwal, Prinsenhof / Hotel The Grand";"https://maps.amsterdam.nl/openbare_toiletten/Downloads/IMG_9108.jpg";"KRUL";"POINT(4.89553 52.371457)";"POINT(52.371457 4.89553)";4.89553;52.371457
22;"Amsterdamse krul";0;"";"24 uur";"Nieuwe Spiegelgracht - Keizersgracht";"https://maps.amsterdam.nl/openbare_toiletten/Downloads/IMG_8834.JPG";"KRUL";"POINT(4.889736 52.364351)";"POINT(52.364351 4.889736)";4.889736;52.364351
23;"Amsterdamse krul";0;"";"24 uur";"Utrechtse straat";"https://maps.amsterdam.nl/openbare_toiletten/Downloads/IMG_8818.jpg";"KRUL";"POINT(4.8985876 52.3639136)";"POINT(52.3639136 4.8985876)";4.8985876;52.3639136
25;"Amsterdamse krul";0;"ma - di - wo - do - vr - za - zo";"24 uur per dag";"Lindengracht";"https://maps.amsterdam.nl/openbare_toiletten/Downloads/IMG_8981.jpg";"KRUL";"POINT(4.880664 52.379636)";"POINT(52.379636 4.880664)";4.880664;52.379636
27;"Amsterdamse krul";0;"";"24 uur";"Marnixstraat - Elandsgracht tov bureau van Politie";"https://maps.amsterdam.nl/openbare_toiletten/Downloads/IMG_8976.jpg";"KRUL";"POINT(4.877074 52.368764)";"POINT(52.368764 4.877074)";4.877074;52.368764
29;"Amsterdamse krul";0;"";"24 uur";"Lijnbaansgracht 282";"https://maps.amsterdam.nl/openbare_toiletten/Downloads/IMG_8836.jpg";"KRUL";"POINT(4.8864027 52.3619726)";"POINT(52.3619726 4.8864027)";4.8864027;52.3619726
30;"Amsterdamse krul";0;"ma - di - wo - do - vr - za - zo";"24 uur per dag";"Amstelveld";"https://maps.amsterdam.nl/openbare_toiletten/Downloads/IMG_8819.jpg";"KRUL";"POINT(4.8961937 52.3620631)";"POINT(52.3620631 4.8961937)";4.8961937;52.3620631
31;"Amsterdamse krul";0;"";"24 uur";"Marnixplantsoen, nabij brug";"https://maps.amsterdam.nl/openbare_toiletten/Downloads/IMG_9020.jpg";"KRUL";"POINT(4.8801821 52.3812911)";"POINT(52.3812911 4.8801821)";4.8801821;52.3812911
32;"Amsterdamse krul";0;"";"";"Nieuwe Achtergracht";"https://maps.amsterdam.nl/openbare_toiletten/Downloads/IMG_8930.jpg";"KRUL";"POINT(0 0)";"POINT(0 0)";0;0
33;"Openbaar toilet, rolstoeltoegankelijk";0;"";"Geopend in de lente en (na) zomer, bij mooi weer";"nabij het pierenbadje";"https://maps.amsterdam.nl/openbare_toiletten/Downloads/vondelpark01.JPG";"TOEGANG";"POINT(4.865594 52.358558)";"POINT(52.358558 4.865594)";4.865594;52.358558
34;"Openbaar toilet";0;"";"Geopend in de lente en (na) zomer, bij mooi weer";"nabij openluchtheater";"https://maps.amsterdam.nl/openbare_toiletten/Downloads/vondelpark02.JPG";"OPENBAAR";"POINT(4.871436 52.358575)";"POINT(52.358575 4.871436)";4.871436;52.358575
35;"Amsterdamse krul";0;"";"24 uur";"Ruysdaelkade / Govert Flinckstraat";"https://maps.amsterdam.nl/openbare_toiletten/Downloads/IMG_8969.jpg";"KRUL";"POINT(4.886989 52.35404)";"POINT(52.35404 4.886989)";4.886989;52.35404
36;"Amsterdamse krul";0;"";"24 uur per dag";"Hobbemakade /  Honthorststraat - Brandweerkazerne";"https://maps.amsterdam.nl/openbare_toiletten/Downloads/IMG_8936.jpg";"KRUL";"POINT(4.886433 52.357767)";"POINT(52.357767 4.886433)";4.886433;52.357767
37;"Amsterdamse krul";0;"ma - di - wo - do - vr - za - zo";"24 uur per dag";"Naast het Concertgebouw";"https://maps.amsterdam.nl/openbare_toiletten/Downloads/IMG_8972.jpg";"KRUL";"POINT(4.8784841 52.3556267)";"POINT(52.3556267 4.8784841)";4.8784841;52.3556267
38;"Amsterdamse krul";0;"";"24 uur";"Herenmarkt / Brouwersgracht";"https://maps.amsterdam.nl/openbare_toiletten/Downloads/IMG_9017.JPG";"KRUL";"POINT(4.891667 52.379413)";"POINT(52.379413 4.891667)";4.891667;52.379413
39;"Amsterdamse krul";0;"ma - di - wo - do - vr - za - zo";"24 uur per dag";"Kadijksplein ";"https://maps.amsterdam.nl/openbare_toiletten/Downloads/kadijksplein.JPG";"KRUL";"POINT(4.911695 52.37022)";"POINT(52.37022 4.911695)";4.911695;52.37022
40;"Amsterdamse krul";0;"ma - di - wo - do - vr - za - zo";"24 uur per dag";"Kerklaan, nabij ingang Artis";"https://maps.amsterdam.nl/openbare_toiletten/Downloads/artis.JPG";"KRUL";"POINT(4.913126 52.3676861)";"POINT(52.3676861 4.913126)";4.913126;52.3676861
41;"Amsterdamse krul";0;"ma - di - wo - do - vr - za - zo";"24 uur per dag";"Plantage Middenlaan";"https://maps.amsterdam.nl/openbare_toiletten/Downloads/artis_PlantageMiddenlaan.JPG";"KRUL";"POINT(4.918439 52.36427)";"POINT(52.36427 4.918439)";4.918439;52.36427
42;"Amsterdamse krul";0;"";"24 uur";"Oosterpark";"https://maps.amsterdam.nl/openbare_toiletten/Downloads/IMG_20190220_125412.jpg";"KRUL";"POINT(4.919494 52.360293)";"POINT(52.360293 4.919494)";4.919494;52.360293
45;"Amsterdamse krul";0;"";"24 uur";"Derde kostverlorenkade / Vosmaerstraat";"https://maps.amsterdam.nl/openbare_toiletten/Downloads/Kostverlorenkade.JPG";"KRUL";"POINT(4.856356 52.3593632)";"POINT(52.3593632 4.856356)";4.856356;52.3593632
46;"Openbaar toilet";0;"";"Open bij mooi weer. Zie http://parkkiosk.nl/. ";"Toilet bij kiosk, beheerd door de gemeente";"https://maps.amsterdam.nl/openbare_toiletten/Downloads/beatrixpark.JPG";"OPENBAAR";"POINT(4.884215 52.343593)";"POINT(52.343593 4.884215)";4.884215;52.343593
47;"Amsterdamse krul";0;"";"";"Meeuwenlaan / Hamerstraat";"https://maps.amsterdam.nl/openbare_toiletten/Downloads/15505002048947976083692405215953.jpg";"KRUL";"POINT(4.9221546 52.3859969)";"POINT(52.3859969 4.9221546)";4.9221546;52.3859969
48;"Openbaar toilet, rolstoeltoegankelijk";0;"ma - di - wo - do - vr - za - zo";"Alleen open als pierenbadje ook open is als het boven de 20 graden is en van mei tot en met september.  Meer informatie: https://www.amsterdam.nl/sport/zwemmen/openbare/";"Openbaar toilet bij het pierenbadje. Gerenoveerd in 2019";"https://maps.amsterdam.nl/openbare_toiletten/Downloads/15504996584588417992438976311472.jpg";"TOEGANG";"POINT(4.9226835 52.3903263)";"POINT(52.3903263 4.9226835)";4.9226835;52.3903263
49;"Verzinkbaar urinoir";0;"";"Donderdag tot en met zondag van 18.00 - 7.00 uur.  Tussen 15.30 - 18.00 uur verplaatsing naar bovengronds. tussen 07.00 - 09.00 uur verplaatsing naar ondergronds.";"Urilift";"https://maps.amsterdam.nl/openbare_toiletten/Downloads/IMG_8823.jpg";"URILIFT";"POINT(4.895908 52.3652109)";"POINT(52.3652109 4.895908)";4.895908;52.3652109
50;"Verzinkbaar urinoir";0;"";"Donderdag tot en met zondag van 18.00 - 7.00 uur.  Tussen 15.30 - 18.00 uur verplaatsing naar bovengronds. tussen 07.00 - 09.00 uur verplaatsing naar ondergronds.";"Urilift";"https://maps.amsterdam.nl/openbare_toiletten/Downloads/IMG_8817.jpg";"URILIFT";"POINT(4.89684 52.3661357)";"POINT(52.3661357 4.89684)";4.89684;52.3661357
51;"Verzinkbaar urinoir";0;"";"Donderdag tot en met zondag van 18.00 - 7.00 uur.  Tussen 15.30 - 18.00 uur verplaatsing naar bovengronds. tussen 07.00 - 09.00 uur verplaatsing naar ondergronds.";"Urilift";"https://maps.amsterdam.nl/openbare_toiletten/Downloads/IMG_8828.jpg";"URILIFT";"POINT(4.8954716 52.3670664)";"POINT(52.3670664 4.8954716)";4.8954716;52.3670664
52;"Verzinkbaar urinoir";0;"";"Donderdag tot en met zondag van 18.00 - 7.00 uur.  Tussen 15.30 - 18.00 uur verplaatsing naar bovengronds. tussen 07.00 - 09.00 uur verplaatsing naar ondergronds.";"Urilift";"https://maps.amsterdam.nl/openbare_toiletten/Downloads/IMG_8815.jpg";"URILIFT";"POINT(4.90012 52.366569)";"POINT(52.366569 4.90012)";4.90012;52.366569
54;"Amsterdamse krul";0;"";"";"";"https://maps.amsterdam.nl/openbare_toiletten/Downloads/IMG_8813.jpg";"KRUL";"POINT(0 0)";"POINT(0 0)";0;0
58;"Overig urinoir";0;"ma - di - wo - do - vr - za - zo";"24 uur per dag";"";"https://maps.amsterdam.nl/openbare_toiletten/Downloads/Urinoir Amstelpark.JPG";"OVERIG";"POINT(4.8934825 52.3244413)";"POINT(52.3244413 4.8934825)";4.8934825;52.3244413
59;"Amsterdamse krul";0;"ma - di - wo - do - vr - za - zo";"";"Buiksloterwegveer";"https://maps.amsterdam.nl/openbare_toiletten/Downloads/15504979726392887865421236777614.jpg";"KRUL";"POINT(4.9035267 52.3822)";"POINT(52.3822 4.9035267)";4.9035267;52.3822
60;"Openbaar toilet, rolstoeltoegankelijk";0.5;"";"24 uur per dag";"Leidseplein";"https://maps.amsterdam.nl/openbare_toiletten/Downloads/_IMG7221V3.jpg";"TOEGANG";"POINT(4.8820227 52.3634935)";"POINT(52.3634935 4.8820227)";4.8820227;52.3634935
61;"Openbaar toilet, rolstoeltoegankelijk";0.5;"ma - di - wo - do - vr - za - zo";"24 uur per dag";"Leidse Bosje";"https://maps.amsterdam.nl/openbare_toiletten/Downloads/IMG_8973.jpg";"TOEGANG";"POINT(4.8813468 52.3625239)";"POINT(52.3625239 4.8813468)";4.8813468;52.3625239
65;"Openbaar toilet";0.5;"ma - di - wo - do - vr - za - zo";"24 uur per dag";"Beursplein, Fietsenstalling ";"https://maps.amsterdam.nl/openbare_toiletten/Downloads/IMG_9109.jpg";"OPENBAAR";"POINT(4.8950783 52.3740568)";"POINT(52.3740568 4.8950783)";4.8950783;52.3740568
66;"Toilet in parkeergarage";0;"ma - di - wo - do - vr - za - zo";"";"Arena, P+R";"";"PARKEER";"POINT(4.9407396 52.313946)";"POINT(52.313946 4.9407396)";4.9407396;52.313946
67;"Toilet in parkeergarage";0;"ma - di - wo - do - vr - za - zo";"24 uur per dag";"P+R (alleen voor parkeerders)";"";"PARKEER";"POINT(4.8454177 52.3790613)";"POINT(52.3790613 4.8454177)";4.8454177;52.3790613
68;"Toilet in parkeergarage";0;"ma - di - wo - do - vr - za - zo";"24 uur per dag";"Rai, P+R (alleen voor parkeerders)";"";"PARKEER";"POINT(4.8897745 52.3397984)";"POINT(52.3397984 4.8897745)";4.8897745;52.3397984
69;"Toilet in parkeergarage";0;"";"24 uur per dag";"P+R (alleen voor parkeerders)";"";"PARKEER";"POINT(4.8384517 52.3900344)";"POINT(52.3900344 4.8384517)";4.8384517;52.3900344
70;"Toilet in parkeergarage";0;"ma - di - wo - do - vr - za - zo";"24 uur per dag";"Olympisch Stadion, P+R (alleen voor parkeerders)";"";"PARKEER";"POINT(4.8551699 52.3443055)";"POINT(52.3443055 4.8551699)";4.8551699;52.3443055
71;"Verzinkbaar urinoir";0;"";"Donderdag tot en met zondag van 18.00 - 7.00 uur.  Tussen 15.30 - 18.00 uur verplaatsing naar bovengronds. tussen 07.00 - 09.00 uur verplaatsing naar ondergronds.";"Urilift";"https://maps.amsterdam.nl/openbare_toiletten/Downloads/IMG_8842.jpg";"URILIFT";"POINT(4.8828409 52.3638526)";"POINT(52.3638526 4.8828409)";4.8828409;52.3638526
72;"Overig urinoir";0;"ma - di - wo - do - vr - za - zo";"24 uur per dag";"Buikslotermeerplein / Het Breed, Taxistandplaats";"https://maps.amsterdam.nl/openbare_toiletten/Downloads/Screenshot_20190218_145610.jpg";"OVERIG";"POINT(4.9363291 52.3979741)";"POINT(52.3979741 4.9363291)";4.9363291;52.3979741
73;"Toilet in parkeergarage";0;"ma - di - wo - do - vr - za - zo";"24 uur per dag";"Willemspoort, Parkeergarage (alleen voor parkeerders)";"";"PARKEER";"POINT(4.8844891 52.3849458)";"POINT(52.3849458 4.8844891)";4.8844891;52.3849458
74;"Toilet in parkeergarage";0;"ma - di - wo - do - vr - za - zo";"24 uur per dag";"Parkeergarage (alleen voor parkeerders)";"";"PARKEER";"POINT(4.9142073 52.3780827)";"POINT(52.3780827 4.9142073)";4.9142073;52.3780827
75;"Toilet in parkeergarage";0;"ma - di - wo - do - vr - za - zo";"24 uur per dag";"Parkeergarage (alleen voor parkeerders)";"";"PARKEER";"POINT(4.9085917 52.3698034)";"POINT(52.3698034 4.9085917)";4.9085917;52.3698034
76;"Toilet in parkeergarage";0;"ma - di - wo - do - vr - za - zo";"24 uur per dag";"Amstel 1, Parkeergarage (alleen voor parkeerders)";"";"PARKEER";"POINT(4.9011082 52.36735)";"POINT(52.36735 4.9011082)";4.9011082;52.36735
77;"Toilet in parkeergarage";0;"";"24 uur per dag";"De Banne, Parkeergarage (alleen voor parkeerders)";"";"PARKEER";"POINT(4.916832 52.4078986)";"POINT(52.4078986 4.916832)";4.916832;52.4078986
78;"Toilet in parkeergarage";0;"";"";"Parkeergarage ";"";"PARKEER";"POINT(4.9414285 52.3103656)";"POINT(52.3103656 4.9414285)";4.9414285;52.3103656
79;"Toilet in parkeergarage";0;"";"";"Parkeergarage ";"";"PARKEER";"POINT(4.9456903 52.3117427)";"POINT(52.3117427 4.9456903)";4.9456903;52.3117427
80;"Toilet in parkeergarage";0;"";"";"Parkeergarage ";"";"PARKEER";"POINT(4.9384517 52.3118226)";"POINT(52.3118226 4.9384517)";4.9384517;52.3118226
81;"Verzinkbaar urinoir";0;"";"Donderdag tot en met zondag van 18.00 - 7.00 uur.  Tussen 15.30 - 18.00 uur verplaatsing naar bovengronds. tussen 07.00 - 09.00 uur verplaatsing naar ondergronds.";"Urilift";"https://maps.amsterdam.nl/openbare_toiletten/Downloads/IMG_8838.jpg";"URILIFT";"POINT(4.8837227 52.3623231)";"POINT(52.3623231 4.8837227)";4.8837227;52.3623231
82;"Openbaar toilet, rolstoeltoegankelijk";0.5;"ma - di - wo - do - vr - za - zo";"24 uur per dag";"Sarphatipark.";"";"TOEGANG";"POINT(4.8948603 52.3541595)";"POINT(52.3541595 4.8948603)";4.8948603;52.3541595
85;"Amsterdamse krul";0;"";"24 uur";"Haarlemmerplein";"https://maps.amsterdam.nl/openbare_toiletten/Downloads/haarlememerplein.JPG";"KRUL";"POINT(4.8836773 52.3843331)";"POINT(52.3843331 4.8836773)";4.8836773;52.3843331
86;"Amsterdamse krul";0;"";"24 uur";"Dorpsweg Ransdorp naast bushalte kerk";"https://maps.amsterdam.nl/openbare_toiletten/Downloads/ransdorp.JPG";"KRUL";"POINT(4.9939258 52.3932128)";"POINT(52.3932128 4.9939258)";4.9939258;52.3932128
87;"Amsterdamse krul";0;"";"24 uur";"Dorpsstraat Holysloot - naast bushalte Kerk";"https://maps.amsterdam.nl/openbare_toiletten/Downloads/holysloot.JPG";"KRUL";"POINT(5.0251367 52.4132206)";"POINT(52.4132206 5.0251367)";5.0251367;52.4132206
88;"Amsterdamse krul";0;"";"24";"Wijkergouw / Schellingwoude Kerk";"https://maps.amsterdam.nl/openbare_toiletten/Downloads/WijkergouwKerkSchellingwoude.JPG";"KRUL";"POINT(4.9651492 52.383644)";"POINT(52.383644 4.9651492)";4.9651492;52.383644
89;"Overig urinoir";0;"";"24 uur";"Beemesterstraat / IJdoornlaan";"https://maps.amsterdam.nl/openbare_toiletten/Downloads/IJDoornlaan_Beemsterstraat.JPG";"OVERIG";"POINT(4.951276 52.3973067)";"POINT(52.3973067 4.951276)";4.951276;52.3973067
90;"Amsterdamse krul";0;"";"24 uur";"Nieuwe Keizersgracht / Weesperstraat";"https://maps.amsterdam.nl/openbare_toiletten/Downloads/IMG_8813.jpg";"KRUL";"POINT(4.9051621 52.3652648)";"POINT(52.3652648 4.9051621)";4.9051621;52.3652648
91;"Amsterdamse krul";0;"";"24 uur";"Nieuwe Achtergracht / Roetersstraat";"https://maps.amsterdam.nl/openbare_toiletten/Downloads/nieuweprinsengrachtRoetersstraat.jpg";"KRUL";"POINT(4.9108778 52.3632207)";"POINT(52.3632207 4.9108778)";4.9108778;52.3632207
92;"Amsterdamse krul";0;"";"24 uur";"Nieuwmarkt / Geldersekade";"https://maps.amsterdam.nl/openbare_toiletten/Downloads/geldersekadeNieuwmarkt.jpg";"KRUL";"POINT(4.900592 52.3732588)";"POINT(52.3732588 4.900592)";4.900592;52.3732588
97;"Openbaar toilet";0.5;"ma - di - wo - do - vr - za - zo";"24 uur per dag ";"P+R Zeeburg";"https://maps.amsterdam.nl/openbare_toiletten/Downloads/P en R Zeeburg.jpg";"OPENBAAR";"POINT(4.9593458 52.3721075)";"POINT(52.3721075 4.9593458)";4.9593458;52.3721075
100;"Openbaar toilet, rolstoeltoegankelijk";0;"ma - di - wo - do - vr";"Alle werkdagen geopend van 08.00 - 18.00 uur en op donderdagen tot 20.00 uur.";"Stadsloket";"https://maps.amsterdam.nl/openbare_toiletten/Downloads/images4.persgroep.net.jpg";"TOEGANG";"POINT(4.9008307 52.3678834)";"POINT(52.3678834 4.9008307)";4.9008307;52.3678834
101;"Openbaar toilet, rolstoeltoegankelijk";0;"";"Alle werkdagen geopend van 08.00 - 18.00 uur en op donderdagen tot 20.00 uur.";"Stadsloket";"https://maps.amsterdam.nl/openbare_toiletten/Downloads/25473-160906-stadsloket-stadsdeel-noord_AN-6396.jpg";"TOEGANG";"POINT(4.9330557 52.4010569)";"POINT(52.4010569 4.9330557)";4.9330557;52.4010569
102;"Openbaar toilet, rolstoeltoegankelijk";0;"ma - di - wo - do - vr";"Alle werkdagen geopend van 08.00 - 18.00 uur en op donderdagen tot 20.00 uur.";"Stadsloket";"https://maps.amsterdam.nl/openbare_toiletten/Downloads/stadsloket-langer-open-1-300x194.jpg";"TOEGANG";"POINT(4.9308932 52.356721)";"POINT(52.356721 4.9308932)";4.9308932;52.356721
103;"Openbaar toilet, rolstoeltoegankelijk";0;"ma - di - wo - do - vr";"Alle werkdagen geopend van 08.00 - 18.00 uur en op donderdagen tot 20.00 uur.";"Stadsloket";"https://maps.amsterdam.nl/openbare_toiletten/Downloads/28878-170307-stadsloket-stadsdeel-zuid_an-0002.jpg";"TOEGANG";"POINT(4.8938577 52.3404557)";"POINT(52.3404557 4.8938577)";4.8938577;52.3404557
104;"Openbaar toilet, rolstoeltoegankelijk";0;"ma - di - wo - do - vr";"Alle werkdagen geopend van 08.00 - 18.00 uur en op donderdagen tot 20.00 uur.";"Stadsloket";"https://maps.amsterdam.nl/openbare_toiletten/Downloads/24882-stadsloket_west_01_23aug2016_e_v_eis.jpg";"TOEGANG";"POINT(4.8451906 52.3781623)";"POINT(52.3781623 4.8451906)";4.8451906;52.3781623
105;"Openbaar toilet, rolstoeltoegankelijk";0;"ma - di - wo - do - vr";"Alle werkdagen geopend van 08.00 - 18.00 uur en op donderdagen tot 20.00 uur.";"Stadsloket";"https://maps.amsterdam.nl/openbare_toiletten/Downloads/2048x1152.jpg";"TOEGANG";"POINT(4.8066164 52.3577408)";"POINT(52.3577408 4.8066164)";4.8066164;52.3577408
106;"Openbaar toilet, rolstoeltoegankelijk";0;"";"Alle werkdagen geopend van 08.00 - 18.00 uur en op donderdagen tot 20.00 uur.";"Stadskantoor";"https://maps.amsterdam.nl/openbare_toiletten/Downloads/24813-10_stadsloket-zo_16aug2016_e_v_eis1.jpg";"TOEGANG";"POINT(4.9565068 52.3161816)";"POINT(52.3161816 4.9565068)";4.9565068;52.3161816
107;"Openbaar toilet";0;"do - vr - za";"Beschikbaar op uitgaansavonden in de avond/nacht.";"";"https://maps.amsterdam.nl/openbare_toiletten/Downloads/PaleisstraatAchterkantDAm.jpg";"OPENBAAR";"POINT(4.8908454 52.3727418)";"POINT(52.3727418 4.8908454)";4.8908454;52.3727418
108;"Openbaar toilet";0;"";"openingstijden van de kinderboerderij gesloten van november - januari februari - maart: 10 -17 uur april - oktober: 10 -18 uur alle dagen open tijdens de schoolvakanties";"";"";"OPENBAAR";"POINT(4.8953037 52.3332921)";"POINT(52.3332921 4.8953037)";4.8953037;52.3332921
109;"Openbaar toilet";0;"";"";"";"";"OPENBAAR";"POINT(4.8933753 52.3295026)";"POINT(52.3295026 4.8933753)";4.8933753;52.3295026
160;"Openbaar toilet";0;"";"8.00 uur tot een half uur vóór zonsondergang. ";"MV toiletgebouw";"https://maps.amsterdam.nl/openbare_toiletten/Downloads/Amstelpark.JPG";"OPENBAAR";"POINT(4.8920712 52.3324386)";"POINT(52.3324386 4.8920712)";4.8920712;52.3324386
162;"Overig urinoir";0;"do - vr - za - zo";"alleen tijdens nachtelijke uren";"Green Pee, urinor met groene uitstraling met planten.";"";"OVERIG";"POINT(4.8949128 52.3659589)";"POINT(52.3659589 4.8949128)";4.8949128;52.3659589
163;"Overig urinoir";0;"do - vr - za - zo";"alleen tijdens de nachtelijke uren";"Green Pee, urinor met groene uitstraling met planten.";"";"OVERIG";"POINT(4.8948618 52.366031)";"POINT(52.366031 4.8948618)";4.8948618;52.366031
168;"Amsterdamse krul";0;"ma - di - wo - do - vr - za - zo";"";"";"https://maps.amsterdam.nl/openbare_toiletten/Downloads/Plaskrul Gaapserpark.jpg";"KRUL";"POINT(4.9850582 52.3106669)";"POINT(52.3106669 4.9850582)";4.9850582;52.3106669
179;"Openbaar toilet, rolstoeltoegankelijk";0;"ma - di - wo - do - vr - za - zo";"Maandag t/m vrijdag: 9.00 - 17.00 uur. Zaterdag en zondag: 12.00 - 17.00 uur.";"Stadsarchief de Bazel";"";"TOEGANG";"POINT(4.8922447 52.3645638)";"POINT(52.3645638 4.8922447)";4.8922447;52.3645638
180;"Openbaar toilet, rolstoeltoegankelijk";0;"ma - di - wo - do - vr";"Maandag t/m donderdag 9.00 - 18.00 uur. Vrijdag 9.00 - 18.00 uur.";"GGD Amsterdam";"";"TOEGANG";"POINT(4.9085149 52.3624329)";"POINT(52.3624329 4.9085149)";4.9085149;52.3624329
182;"Openbaar toilet";0;"ma - di - wo - do - vr - za - zo";"Alleen open als pierenbadje ook open is als het boven de 20 graden is en van mei tot en met september.  Meer informatie: https://www.amsterdam.nl/sport/zwemmen/openbare/";"";"";"OPENBAAR";"POINT(4.9212382 52.3614494)";"POINT(52.3614494 4.9212382)";4.9212382;52.3614494
222;"Openbaar toilet";0;"";"Alleen open als pierenbadje ook open is als het boven de 20 graden is en van mei tot en met september.";"";"";"OPENBAAR";"POINT(4.8537102 52.383266)";"POINT(52.383266 4.8537102)";4.8537102;52.383266
223;"Openbaar toilet";0;"";"Alleen open als pierenbadje ook open is als het boven de 20 graden is en van mei tot en met september.";"";"";"OPENBAAR";"POINT(4.8858894 52.4139971)";"POINT(52.4139971 4.8858894)";4.8858894;52.4139971
224;"Openbaar toilet";0;"";"Alleen open als pierenbadje ook open is als het boven de 20 graden is en van mei tot en met september.";"";"";"OPENBAAR";"POINT(4.8095235 52.3825225)";"POINT(52.3825225 4.8095235)";4.8095235;52.3825225
225;"Openbaar toilet";0;"";"Alleen open als pierenbadje ook open is als het boven de 20 graden is en van mei tot en met september.";"";"";"OPENBAAR";"POINT(4.8176883 52.3551135)";"POINT(52.3551135 4.8176883)";4.8176883;52.3551135
226;"Openbaar toilet, rolstoeltoegankelijk";0;"";"De Boswinkel is geopend op woensdag t/m zondag van 10.00 - 17.00 uur.";"";"";"TOEGANG";"POINT(4.8549056 52.3274059)";"POINT(52.3274059 4.8549056)";4.8549056;52.3274059
227;"Openbaar toilet, rolstoeltoegankelijk";0;"";"";"Het Klein Kinderbad is vanaf mei tot en met september van 10:00 tot 19:00 uur gevuld met water bij een buitentemperatuur van boven de 20 graden en bij droog weer. Als het bad is gevuld zijn de toiletten ook open.";"";"TOEGANG";"POINT(4.8485826 52.3243402)";"POINT(52.3243402 4.8485826)";4.8485826;52.3243402
228;"Openbaar toilet, rolstoeltoegankelijk";0;"";"";"Het Groot Kinderbad is vanaf mei tot en met september van 10:00 tot 19:00 uur gevuld met water bij een buitentemperatuur van boven de 20 graden en bij droog weer. Als het bad is gevuld zijn de toiletten ook open.";"";"TOEGANG";"POINT(4.8221432 52.3166175)";"POINT(52.3166175 4.8221432)";4.8221432;52.3166175
229;"Openbaar toilet";0;"";"Openingstijden zijn van 10.00 - 17.00 uur.";"Dit toilet is open van 15 maart tot 1 november: van 15 maart tot 1 mei alleen in de weekenden. van 1 mei tot 1 november de hele week. ";"";"OPENBAAR";"POINT(4.8262613 52.3213381)";"POINT(52.3213381 4.8262613)";4.8262613;52.3213381
231;"Openbaar toilet";0;"";"De openingstijden zijn van 10.00 - 17.00 uur.";"Dit toilet is open van 15 maart tot 1 november: van 15 maart tot 1 mei alleen in de weekenden. van 1 mei tot 1 november de hele week. ";"";"OPENBAAR";"POINT(4.8166496 52.3061697)";"POINT(52.3061697 4.8166496)";4.8166496;52.3061697
232;"Openbaar toilet, rolstoeltoegankelijk";0;"";"24 uur per dag";"";"";"TOEGANG";"POINT(4.8383892 52.3895766)";"POINT(52.3895766 4.8383892)";4.8383892;52.3895766
243;"Verzinkbaar urinoir";0;"";"Donderdag tot en met zondag van 18.00 - 7.00 uur.  Tussen 15.30 - 18.00 uur verplaatsing naar bovengronds. tussen 7.00 - 9.00 uur verplaatsing naar ondergronds.";"Urilift";"";"URILIFT";"POINT(4.8897202 52.3686674)";"POINT(52.3686674 4.8897202)";4.8897202;52.3686674
245;"Openbaar toilet";0;"";"Open bij mooi weer van 9.00 uur - 17.00 uur.";"Toilet bij kiosk. Zie voor meer info http://www.de-parkwachter.nl/";"";"OPENBAAR";"POINT(4.8753739 52.3877248)";"POINT(52.3877248 4.8753739)";4.8753739;52.3877248
246;"Openbaar toilet, rolstoeltoegankelijk";0.5;"";"Donderdag tot en met zondag van 18.00 - 7.00 uur.  Tussen 15.30 - 18.00 uur verplaatsing naar bovengronds. tussen 07.00 - 09.00 uur verplaatsing naar ondergronds.";"Rolstoeltoegankelijk zelfreinigend toilet";"";"TOEGANG";"POINT(4.8970089 52.3661463)";"POINT(52.3661463 4.8970089)";4.8970089;52.3661463
247;"Toilet in parkeergarage";0;"";"7 dagen per week, 24 uur per dag";"Rokin 67, Parkeergarage (alleen voor parkeerders)";"";"PARKEER";"POINT(4.8932225 52.3711681)";"POINT(52.3711681 4.8932225)";4.8932225;52.3711681
248;"Openbaar toilet";0;"";"24 uur per dag geopend";"";"";"OPENBAAR";"POINT(4.9663353 52.3733558)";"POINT(52.3733558 4.9663353)";4.9663353;52.3733558
249;"Overig urinoir";0;"";"24 uur per dag geopend";"";"";"OVERIG";"POINT(4.9663138 52.3732281)";"POINT(52.3732281 4.9663138)";4.9663138;52.3732281
256;"Openbaar toilet";0;"";"";"";"";"OPENBAAR";"POINT(4.8741075 52.3595001)";"POINT(52.3595001 4.8741075)";4.8741075;52.3595001
258;"Openbaar toilet, rolstoeltoegankelijk";0;"";"Alle werkdagen geopend van 08.00 - 18.00 uur en op donderdagen tot 20.00 uur.";"Stadskantoor";"";"TOEGANG";"POINT(5.0423941 52.3067169)";"POINT(52.3067169 5.0423941)";5.0423941;52.3067169
260;"Verzinkbaar urinoir";0;"";"Donderdag tot en met zondag van 18.00 - 7.00 uur.  Tussen 15.30 - 18.00 uur verplaatsing naar bovengronds. tussen 07.00 - 09.00 uur verplaatsing naar ondergronds.";"Urilift";"";"URILIFT";"POINT(4.8831523 52.3641961)";"POINT(52.3641961 4.8831523)";4.8831523;52.3641961
261;"Openbaar toilet, rolstoeltoegankelijk";0;"ma - di - wo - do - vr - za - zo";"1 april tot 1 oktober 08.00 – 22.00 uur 1 oktober tot 1 april: 08.00 – 20.00 uur";"";"";"TOEGANG";"POINT(4.9196013 52.3605006)";"POINT(52.3605006 4.9196013)";4.9196013;52.3605006

